"81","202"
"147","204"
"21","206"
"72","208"
"138","212"
"5","213"
"198","214"
"93","216"
"27","218"
"52","219"
"188","220"
"102","222"
"90","225"
"173","226"
"205","228"
"55","230"
"192","231"
"14","232"
"224","234"
"224","235"
"57","238"
"204","240"
"158","242"
"71","244"
"121","246"
"115","247"
"66","248"
"174","250"
"222","255"
"20","257"
"137","259"
"168","260"
"78","262"
"80","266"
"169","268"
"122","270"
"99","272"
"94","274"
"2","276"
"130","278"
"54","280"
"77","282"
"11","283"
"33","284"
"217","286"
"69","288"
"82","290"
"184","292"
"193","293"
"124","294"
"120","295"
"140","297"
"39","302"
"181","308"
"225","310"
"225","311"
"225","312"
"225","313"
"225","314"
"225","315"
"225","316"
"170","330"
"227","332"
"135","334"
"245","3344"
"104","338"
"19","342"
"247","343434"
"9","344"
"41","346"
"31","348"
"24","350"
"83","352"
"141","354"
"178","356"
"179","358"
"182","360"
"12","363"
"16","364"
"7","365"
"59","366"
"53","368"
"60","370"
"89","372"
"215","374"
"219","376"
"15","400"
"108","401"
"25","402"
"95","404"
"95","405"
"95","406"
"160","410"
"1","412"
"199","413"
"35","414"
"116","415"
"107","416"
"206","417"
"98","418"
"112","419"
"186","420"
"235","421"
"159","422"
"223","424"
"101","425"
"17","426"
"171","427"
"139","428"
"146","429"
"223","430"
"223","431"
"97","432"
"228","434"
"208","436"
"113","437"
"218","438"
"105","440"
"105","441"
"246","4444"
"197","450"
"231","452"
"92","454"
"123","455"
"37","456"
"114","457"
"45","460"
"45","461"
"207","466"
"156","467"
"18","470"
"128","472"
"127","502"
"13","505"
"96","510"
"211","514"
"166","515"
"210","520"
"191","525"
"32","528"
"150","530"
"157","534"
"84","535"
"145","536"
"163","537"
"214","539"
"194","540"
"229","541"
"70","542"
"232","543"
"4","544"
"110","545"
"149","546"
"73","547"
"50","548"
"183","549"
"136","550"
"131","551"
"161","552"
"244","554"
"154","555"
"62","602"
"3","603"
"142","604"
"216","605"
"119","606"
"75","607"
"187","608"
"132","609"
"129","610"
"86","611"
"103","612"
"34","613"
"152","614"
"212","615"
"23","616"
"133","617"
"118","618"
"190","619"
"79","620"
"153","621"
"43","622"
"42","623"
"38","624"
"40","625"
"185","626"
"64","627"
"74","628"
"172","629"
"56","630"
"6","631"
"87","632"
"189","633"
"200","634"
"175","635"
"67","636"
"195","637"
"58","638"
"109","639"
"209","640"
"221","641"
"36","642"
"143","643"
"236","645"
"125","646"
"237","648"
"144","649"
"126","650"
"117","651"
"28","652"
"203","653"
"49","654"
"196","655"
"65","657"
"22","702"
"85","704"
"63","706"
"91","708"
"151","710"
"51","712"
"162","714"
"165","716"
"10","722"
"29","724"
"44","730"
"48","732"
"230","734"
"26","736"
"88","738"
"61","740"
"164","744"
"201","746"
"226","748"
"68","750"
